{
    "label": "OOH AHH EE/DX7_0628.SYX",
    "mixID": 32,
    "operators": [
        {
            "constantFrequency": 0,
            "frequencyRatio": 0.99,
            "enabled": true,
            "volume": 1.7575757575757576,
            "detune": 0,
            "envelope": {
                "attack": {
                    "values": [
                        0,
                        4.2621121905220797e-7,
                        8.524224381044159e-7,
                        0.0000034096897524176637,
                        0.000005966957066730911,
                        0.000017048448762088318
                    ],
                    "duration": 0.0001
                },
                "decay": {
                    "values": [
                        0.000017048448762088318,
                        0.000017048448762088318,
                        0.000017048448762088318,
                        0.000017048448762088318,
                        0.000017048448762088318,
                        0.000017048448762088318
                    ],
                    "duration": 0.0001
                },
                "sustain": {
                    "values": [
                        0.000017048448762088318,
                        0.6500059669570667,
                        0.8000034096897525,
                        0.950000852422438,
                        0.9750004262112191,
                        1
                    ],
                    "duration": 0.032085690408442454
                },
                "release": 3
            }
        },
        {
            "constantFrequency": 0,
            "frequencyRatio": 1.0098,
            "enabled": true,
            "volume": 1.7575757575757576,
            "detune": 0,
            "envelope": {
                "attack": {
                    "values": [
                        0,
                        4.2621121905220797e-7,
                        8.524224381044159e-7,
                        0.0000034096897524176637,
                        0.000005966957066730911,
                        0.000017048448762088318
                    ],
                    "duration": 0.0001
                },
                "decay": {
                    "values": [
                        0.000017048448762088318,
                        0.000017048448762088318,
                        0.000017048448762088318,
                        0.000017048448762088318,
                        0.000017048448762088318,
                        0.000017048448762088318
                    ],
                    "duration": 0.0001
                },
                "sustain": {
                    "values": [
                        0.000017048448762088318,
                        0.6500059669570667,
                        0.8000034096897525,
                        0.950000852422438,
                        0.9750004262112191,
                        1
                    ],
                    "duration": 0.15157185963708167
                },
                "release": 3
            }
        },
        {
            "constantFrequency": 0,
            "frequencyRatio": 0.9702,
            "enabled": true,
            "volume": 1.7575757575757576,
            "detune": 0,
            "envelope": {
                "attack": {
                    "values": [
                        0,
                        4.2621121905220797e-7,
                        8.524224381044159e-7,
                        0.0000034096897524176637,
                        0.000005966957066730911,
                        0.000017048448762088318
                    ],
                    "duration": 0.0001
                },
                "decay": {
                    "values": [
                        0.000017048448762088318,
                        0.000017048448762088318,
                        0.000017048448762088318,
                        0.000017048448762088318,
                        0.000017048448762088318,
                        0.000017048448762088318
                    ],
                    "duration": 0.0001
                },
                "sustain": {
                    "values": [
                        0.000017048448762088318,
                        0.6500059669570667,
                        0.8000034096897525,
                        0.950000852422438,
                        0.9750004262112191,
                        1
                    ],
                    "duration": 0.45947995733742675
                },
                "release": 3
            }
        },
        {
            "constantFrequency": 0,
            "frequencyRatio": 1.0494,
            "enabled": true,
            "volume": 0.34536515912903204,
            "detune": 0,
            "envelope": {
                "attack": {
                    "values": [
                        0,
                        0.025,
                        0.05,
                        0.2,
                        0.35,
                        1
                    ],
                    "duration": 0.0004245063741759991
                },
                "decay": {
                    "values": [
                        1,
                        0.35001108149169535,
                        0.20001363875900957,
                        0.05001619602632401,
                        0.025016622237542974,
                        0.000017048448762088318
                    ],
                    "duration": 3.8929921519093154
                },
                "sustain": {
                    "values": [
                        0.000017048448762088318,
                        0.000017048448762088318,
                        0.000017048448762088318,
                        0.000017048448762088318,
                        0.000017048448762088318,
                        0.000017048448762088318
                    ],
                    "duration": 0.0001
                },
                "release": 0.005
            }
        },
        {
            "constantFrequency": 0,
            "frequencyRatio": 4.95,
            "enabled": true,
            "volume": 0.37662337662337664,
            "detune": 0,
            "envelope": {
                "attack": {
                    "values": [
                        0,
                        0.025,
                        0.05,
                        0.2,
                        0.35,
                        1
                    ],
                    "duration": 0.0004245063741759991
                },
                "decay": {
                    "values": [
                        1,
                        0.35001108149169535,
                        0.20001363875900957,
                        0.05001619602632401,
                        0.025016622237542974,
                        0.000017048448762088318
                    ],
                    "duration": 0.3393578841892095
                },
                "sustain": {
                    "values": [
                        0.000017048448762088318,
                        0.000017048448762088318,
                        0.000017048448762088318,
                        0.000017048448762088318,
                        0.000017048448762088318,
                        0.000017048448762088318
                    ],
                    "duration": 0.0001
                },
                "release": 0.005
            }
        },
        {
            "constantFrequency": 0,
            "frequencyRatio": 5.9399999999999995,
            "enabled": true,
            "volume": 0.4244010613273016,
            "detune": 1,
            "envelope": {
                "attack": {
                    "values": [
                        0,
                        0.025,
                        0.05,
                        0.2,
                        0.35,
                        1
                    ],